{
  "results": [
    {
      "command": "./build/cmd/rot13-cli -f data/data_1GB.txt --bench",
      "mean": 2.44774703548,
      "stddev": 0.02738675127334462,
      "median": 2.43915290068,
      "user": 2.07892214,
      "system": 0.34679092,
      "min": 2.41586584518,
      "max": 2.49297668118,
      "times": [
        2.41586584518,
        2.4420167141799998,
        2.4332309201799998,
        2.43313654718,
        2.48445446118,
        2.49297668118,
        2.41934593918,
        2.43744953218,
        2.4408562691799998,
        2.47813744518
      ],
      "memory_usage_byte": [
        2003222528,
        2003222528,
        2003222528,
        2003222528,
        2003226624,
        2003226624,
        2003226624,
        2003226624,
        2003226624,
        2003652608
      ],
      "exit_codes": [
        0,
        0,
        0,
        0,
        0,
        0,
        0,
        0,
        0,
        0
      ]
    }
  ]
}
