{
  "results": [
    {
      "command": "./build/cmd/rot13-cli -f data/data_1GB.txt --bench --impl lut",
      "mean": 0.8857590241999999,
      "stddev": 0.01449465696126904,
      "median": 0.8883174917000001,
      "user": 0.29474568,
      "system": 0.58699284,
      "min": 0.8639515317,
      "max": 0.9030462347,
      "times": [
        0.9030462347,
        0.9023975697,
        0.8993558237,
        0.8796007677,
        0.8920931087,
        0.8762456037,
        0.8859641647000001,
        0.8639515317,
        0.8642646187,
        0.8906708187
      ],
      "memory_usage_byte": [
        2001371136,
        2001371136,
        2001436672,
        2001436672,
        2001436672,
        2001436672,
        2001436672,
        2001436672,
        2001436672,
        2001436672
      ],
      "exit_codes": [
        0,
        0,
        0,
        0,
        0,
        0,
        0,
        0,
        0,
        0
      ]
    }
  ]
}
