{
  "results": [
    {
      "command": "./build/cmd/rot13-cli -f data/data_1GB.txt --bench --impl simd --mmap",
      "mean": 0.23320458358000004,
      "stddev": 0.006625299904527292,
      "median": 0.23196734408000003,
      "user": 0.10583844333333331,
      "system": 0.12527032333333332,
      "min": 0.22472150708000002,
      "max": 0.24831298208000002,
      "times": [
        0.23718230408000002,
        0.24831298208000002,
        0.23168466308000002,
        0.23135491808000003,
        0.23717783308,
        0.23517267408000003,
        0.23225002508,
        0.22688548708000003,
        0.23865873708000002,
        0.22472150708000002,
        0.22930727408,
        0.22574659808000003
      ],
      "memory_usage_byte": [
        2001526784,
        2001526784,
        2001526784,
        2001526784,
        2001526784,
        2001526784,
        2001526784,
        2001526784,
        2001526784,
        2001526784,
        2001526784,
        2001526784
      ],
      "exit_codes": [
        0,
        0,
        0,
        0,
        0,
        0,
        0,
        0,
        0,
        0,
        0,
        0
      ]
    }
  ]
}
