{
  "results": [
    {
      "command": "./build/cmd/rot13-cli -f data/data_1GB.txt --bench --impl simd",
      "mean": 0.44405054462000004,
      "stddev": 0.011303181055222296,
      "median": 0.44566818852,
      "user": 0.11867223999999998,
      "system": 0.3207527,
      "min": 0.42283899002,
      "max": 0.46204653302000004,
      "times": [
        0.45341100402000006,
        0.44211320902000006,
        0.42283899002,
        0.46204653302000004,
        0.44863251802000004,
        0.44604826302000006,
        0.45076631702000003,
        0.43035147402,
        0.44528811402,
        0.43900902402
      ],
      "memory_usage_byte": [
        2003152896,
        2003210240,
        2003210240,
        2003750912,
        2003750912,
        2003750912,
        2003750912,
        2003750912,
        2003750912,
        2003750912
      ],
      "exit_codes": [
        0,
        0,
        0,
        0,
        0,
        0,
        0,
        0,
        0,
        0
      ]
    }
  ]
}
